{"learner":{"attributes":{"scikit_learn":"{\"_estimator_type\": \"classifier\"}"},"feature_names":["Pregnancies","Glucose","BloodPressure","SkinThickness","Insulin","BMI","DiabetesPedigreeFunction","Age"],"feature_types":["float","float","float","float","float","float","float","float"],"gradient_booster":{"model":{"gbtree_model_param":{"num_parallel_tree":"1","num_trees":"10"},"iteration_indptr":[0,1,2,3,4,5,6,7,8,9,10],"tree_info":[0,0,0,0,0,0,0,0,0,0],"trees":[{"base_weights":[3.248947E-3,-4.7572806E-1,1.4562571E0,-1.0031391E0,2.1742187E-1,2.562302E-1,1.8128769E0,-2.6698878E-1,-1.0276488E-1,-2.4130645E-1,1.144432E-1,-6.7048244E-2,1.7693062E-1,3.9997515E-1,3.2517232E-2],"categories":[],"categories_nodes":[],"categories_segments":[],"categories_sizes":[],"default_left":[0,0,0,0,0,0,0,0,0,0,0,0,0,0,0],"id":0,"left_children":[1,3,5,7,9,11,13,-1,-1,-1,-1,-1,-1,-1,-1],"loss_changes":[7.849308E1,3.1229084E1,1.1501438E1,7.1642685E0,1.9623917E1,3.1104088E0,6.276039E0,0E0,0E0,0E0,0E0,0E0,0E0,0E0,0E0],"parents":[2147483647,0,0,1,1,2,2,3,3,4,4,5,5,6,6],"right_children":[2,4,6,8,10,12,14,-1,-1,-1,-1,-1,-1,-1,-1],"split_conditions":[7.085427E-1,1.3333334E-1,4.470939E-1,4.6199703E-1,3.919523E-1,3.3333334E-1,3.9007092E-1,-2.6698878E-1,-1.0276488E-1,-2.4130645E-1,1.144432E-1,-6.7048244E-2,1.7693062E-1,3.9997515E-1,3.2517232E-2],"split_indices":[1,7,5,5,5,7,4,0,0,0,0,0,0,0,0],"split_type":[0,0,0,0,0,0,0,0,0,0,0,0,0,0,0],"sum_hessian":[1.1078886E2,8.382797E1,2.6960888E1,4.7351475E1,3.6476494E1,6.5703006E0,2.0390587E1,2.718745E1,2.0164026E1,6.7968626E0,2.9679632E1,3.6249933E0,2.945307E0,1.8124966E1,2.2656207E0],"tree_param":{"num_deleted":"0","num_feature":"8","num_nodes":"15","size_leaf_vector":"1"}},{"base_weights":[-2.9874299E-2,-3.7619248E-1,1.5788784E0,-9.0658987E-1,1.8925294E-1,3.9944533E-2,1.7311363E0,-2.325557E-1,1.1577932E-2,-2.0085578E-1,8.732807E-2,3.596045E-1,8.783849E-2],"categories":[],"categories_nodes":[],"categories_segments":[],"categories_sizes":[],"default_left":[0,0,0,0,0,0,0,0,0,0,0,0,0],"id":1,"left_children":[1,3,5,7,9,-1,11,-1,-1,-1,-1,-1,-1],"loss_changes":[6.2474937E1,2.7823929E1,3.8260689E0,1.1865326E1,1.3859422E1,0E0,7.4513245E-1,0E0,0E0,0E0,0E0,0E0,0E0],"parents":[2147483647,0,0,1,1,2,2,3,3,4,4,6,6],"right_children":[2,4,6,8,10,-1,12,-1,-1,-1,-1,-1,-1],"split_conditions":[7.788945E-1,1.3333334E-1,4.14307E-1,6.432161E-1,3.919523E-1,3.9944533E-2,5.8198124E-1,-2.325557E-1,1.1577932E-2,-2.0085578E-1,8.732807E-2,3.596045E-1,8.783849E-2],"split_indices":[1,7,5,1,5,0,6,0,0,0,0,0,0],"split_type":[0,0,0,0,0,0,0,0,0,0,0,0,0],"sum_hessian":[1.1006892E2,9.120193E1,1.8866991E1,4.6748096E1,4.4453827E1,2.1056554E0,1.6761337E1,3.6774353E1,9.9737425E0,7.10687E0,3.734696E1,1.5563849E1,1.1974866E0],"tree_param":{"num_deleted":"0","num_feature":"8","num_nodes":"13","size_leaf_vector":"1"}},{"base_weights":[1.7430075E-2,-7.885491E-1,5.7709396E-1,-8.8474077E-1,4.824051E-1,-2.263709E-1,8.651644E-1,-2.0962977E-1,-2.1633778E-2,-9.407931E-2,2.585534E-1,-1.1466376E-1,1.7048912E-1,7.6241925E-2,2.249157E-1],"categories":[],"categories_nodes":[],"categories_segments":[],"categories_sizes":[],"default_left":[0,0,0,0,0,0,0,0,0,0,0,0,0,0,0],"id":2,"left_children":[1,3,5,7,9,11,13,-1,-1,-1,-1,-1,-1,-1,-1],"loss_changes":[4.9151665E1,5.8873158E0,1.5076363E1,5.200493E0,3.5342236E0,7.1361423E0,5.5386086E0,0E0,0E0,0E0,0E0,0E0,0E0,0E0,0E0],"parents":[2147483647,0,0,1,1,2,2,3,3,4,4,5,5,6,6],"right_children":[2,4,6,8,10,12,14,-1,-1,-1,-1,-1,-1,-1,-1],"split_conditions":[5.6281406E-1,4.1414142E-1,4.3070045E-1,4.117647E-1,1.1764706E-1,7.336683E-1,9.6925706E-2,-2.0962977E-1,-2.1633778E-2,-9.407931E-2,2.585534E-1,-1.1466376E-1,1.7048912E-1,7.6241925E-2,2.249157E-1],"split_indices":[1,3,5,0,0,1,6,0,0,0,0,0,0,0,0],"split_type":[0,0,0,0,0,0,0,0,0,0,0,0,0,0,0],"sum_hessian":[1.06956184E2,4.366487E1,6.3291313E1,4.087513E1,2.789739E0,1.6759932E1,4.6531384E1,3.3480396E1,7.394736E0,1.4749984E0,1.3147405E0,1.3036086E1,3.723845E0,1.7099878E1,2.9431505E1],"tree_param":{"num_deleted":"0","num_feature":"8","num_nodes":"15","size_leaf_vector":"1"}},{"base_weights":[8.041667E-3,-7.0234984E-1,4.421669E-1,-9.0095514E-1,1.6358739E-1,2.2163808E-1,1.3929869E0,-1.9892667E-1,-3.6154047E-2,-1.1072884E-1,2.2122438E-1,-4.530338E-2,1.1565087E-1,3.2390603E-1,9.6879765E-2],"categories":[],"categories_nodes":[],"categories_segments":[],"categories_sizes":[],"default_left":[0,0,0,0,0,0,0,0,0,0,0,0,0,0,0],"id":3,"left_children":[1,3,5,7,9,11,13,-1,-1,-1,-1,-1,-1,-1,-1],"loss_changes":[3.3417973E1,7.2168026E0,1.3791715E1,2.0864315E0,6.368839E0,9.04495E0,1.782507E0,0E0,0E0,0E0,0E0,0E0,0E0,0E0,0E0],"parents":[2147483647,0,0,1,1,2,2,3,3,4,4,5,5,6,6],"right_children":[2,4,6,8,10,12,14,-1,-1,-1,-1,-1,-1,-1,-1],"split_conditions":[5.6281406E-1,2.4850555E-1,8.3919597E-1,5.692996E-1,4.8733234E-1,1.6666667E-1,9.59799E-1,-1.9892667E-1,-3.6154047E-2,-1.1072884E-1,2.2122438E-1,-4.530338E-2,1.1565087E-1,3.2390603E-1,9.6879765E-2],"split_indices":[1,6,1,5,5,7,1,0,0,0,0,0,0,0,0],"split_type":[0,0,0,0,0,0,0,0,0,0,0,0,0,0,0],"sum_hessian":[1.0635259E2,4.0106113E1,6.6246475E1,3.2590862E1,7.515251E0,5.477526E1,1.1471218E1,2.8502333E1,4.088528E0,4.502004E0,3.013247E0,2.4434082E1,3.0341179E1,8.555549E0,2.9156697E0],"tree_param":{"num_deleted":"0","num_feature":"8","num_nodes":"15","size_leaf_vector":"1"}},{"base_weights":[3.812826E-2,-3.7430888E-1,6.14463E-1,-7.5619817E-1,1.2358508E-1,-1.849899E-1,8.6573267E-1,-2.0470858E-1,-8.3311446E-2,-2.1069698E-1,7.487729E-2,7.327145E-2,-1.79206E-1,3.239877E-1,1.4318632E-1],"categories":[],"categories_nodes":[],"categories_segments":[],"categories_sizes":[],"default_left":[0,0,0,0,0,0,0,0,0,0,0,0,0,0,0],"id":4,"left_children":[1,3,5,7,9,11,13,-1,-1,-1,-1,-1,-1,-1,-1],"loss_changes":[2.43068E1,1.1437468E1,8.723328E0,2.6521988E0,8.293307E0,4.6477146E0,2.524601E0,0E0,0E0,0E0,0E0,0E0,0E0,0E0,0E0],"parents":[2147483647,0,0,1,1,2,2,3,3,4,4,5,5,6,6],"right_children":[2,4,6,8,10,12,14,-1,-1,-1,-1,-1,-1,-1,-1],"split_conditions":[6.432161E-1,1.6666667E-1,4.4411325E-1,4.6199703E-1,4.023845E-1,4.008942E-1,5E-1,-2.0470858E-1,-8.3311446E-2,-2.1069698E-1,7.487729E-2,7.327145E-2,-1.79206E-1,3.239877E-1,1.4318632E-1],"split_indices":[1,7,5,5,5,5,2,0,0,0,0,0,0,0,0],"split_type":[0,0,0,0,0,0,0,0,0,0,0,0,0,0,0],"sum_hessian":[1.00289925E2,5.8661247E1,4.1628677E1,3.290444E1,2.5756805E1,1.0018158E1,3.161052E1,1.7285078E1,1.5619365E1,3.9619524E0,2.1794853E1,5.9157715E0,4.1023865E0,3.6118681E0,2.7998652E1],"tree_param":{"num_deleted":"0","num_feature":"8","num_nodes":"15","size_leaf_vector":"1"}},{"base_weights":[-8.134693E-2,-2.6140293E-1,9.11813E-1,-8.8715297E-1,-6.4032234E-2,1.0307331E0,-5.3609487E-2,-2.101914E-1,-1.3039879E-2,-1.3231628E-1,2.5392467E-2,2.286849E-1,2.6115227E-2],"categories":[],"categories_nodes":[],"categories_segments":[],"categories_sizes":[],"default_left":[0,0,0,0,0,0,0,0,0,0,0,0,0],"id":5,"left_children":[1,3,5,7,9,11,-1,-1,-1,-1,-1,-1,-1],"loss_changes":[1.8165895E1,1.0520566E1,2.4663324E0,2.6859398E0,7.6376424E0,1.3100071E0,0E0,0E0,0E0,0E0,0E0,0E0,0E0],"parents":[2147483647,0,0,1,1,2,2,3,3,4,4,5,5],"right_children":[2,4,6,8,10,12,-1,-1,-1,-1,-1,-1,-1],"split_conditions":[8.040201E-1,5.025126E-1,6.333333E-1,5.633383E-1,6.666667E-2,3.8770685E-1,-5.3609487E-2,-2.101914E-1,-1.3039879E-2,-1.3231628E-1,2.5392467E-2,2.286849E-1,2.6115227E-2],"split_indices":[1,1,7,5,7,4,0,0,0,0,0,0,0],"split_type":[0,0,0,0,0,0,0,0,0,0,0,0,0],"sum_hessian":[9.9252205E1,8.464347E1,1.4608733E1,1.9458094E1,6.518538E1,1.3385937E1,1.2227966E0,1.5992417E1,3.4656758E0,1.5191887E1,4.9993492E1,1.165641E1,1.729526E0],"tree_param":{"num_deleted":"0","num_feature":"8","num_nodes":"13","size_leaf_vector":"1"}},{"base_weights":[-8.332137E-2,-6.312202E-1,1.9594733E-1,-2.2659545E-1,-2.1557173E-1,-2.2034216E-1,6.594779E-1,-1.14358045E-1,1.6153298E-1,5.1290955E-2,-1.127572E-1,2.723348E-2,1.883632E-1],"categories":[],"categories_nodes":[],"categories_segments":[],"categories_sizes":[],"default_left":[0,0,0,0,0,0,0,0,0,0,0,0,0],